{
  "2D": 5996.80700063704,
  "3D": 39.5950000286102,
  "AFK": 169.994999885559,
  "AssetLib": 74.664999961853,
  "Editor": 19428.1970009804,
  "External": 3424.7550008297,
  "Game": 61.3799996376038,
  "Script": 8046.90200066566,
  "Stickies": 33.0039999485016,
  "Tasks": 1751.0889992714
}